id,c_date,campaign_name,category,campaign_id,impressions,mark_spent,clicks,leads,orders,revenue,year,month_num,month_name,quarter,CTR,Lead_Conversion_Rate,Order_Conversion_Rate,ROAS,ROI,CPC,CPL,CAC,Profit
1,2021-02-01,facebook_tier1,social,349043,148263,7307.37,1210,13,1,4981.0,2021,2,February,1,0.8161173050592527,1.0743801652892562,7.6923076923076925,0.6816405902534017,-31.835940974659827,6.039148760330578,562.1053846153847,7307.37,-2326.37
2,2021-02-01,facebOOK_tier2,social,348934,220688,16300.2,1640,48,3,14962.0,2021,2,February,1,0.7431305734793011,2.9268292682926833,6.25,0.9179028478178182,-8.209715218218186,9.939146341463415,339.58750000000003,5433.400000000001,-1338.2000000000007
3,2021-02-01,google_hot,search,89459845,22850,5221.6,457,9,1,7981.0,2021,2,February,1,2.0,1.9693654266958425,11.11111111111111,1.5284587099739542,52.84587099739543,11.42582056892779,580.1777777777778,5221.6,2759.3999999999996
4,2021-02-01,google_wide,search,127823,147038,6037.0,1196,24,1,2114.0,2021,2,February,1,0.8133951767570288,2.0066889632107023,4.166666666666666,0.35017392744740766,-64.98260725525924,5.047658862876254,251.54166666666666,6037.0,-3923.0
5,2021-02-01,youtube_blogger,influencer,10934,225800,29962.2,2258,49,10,84490.0,2021,2,February,1,1.0,2.170062001771479,20.408163265306122,2.8198863901849665,181.98863901849666,13.269353410097432,611.4734693877551,2996.2200000000003,54527.8
6,2021-02-01,instagram_tier1,social,9034945,444857,9540.01,1342,27,3,17943.0,2021,2,February,1,0.30166997484584934,2.011922503725782,11.11111111111111,1.8808156385580308,88.08156385580308,7.108800298062594,353.3337037037037,3180.0033333333336,8402.99
7,2021-02-01,instagram_tier2,social,983498,511200,3648.9,2556,94,1,1981.0,2021,2,February,1,0.5,3.6776212832550863,1.0638297872340425,0.5429033407328235,-45.70966592671764,1.4275821596244131,38.81808510638298,3648.9,-1667.9
8,2021-02-01,facebook_retargeting,social,4387490,5544,1293.55,148,3,1,4981.0,2021,2,February,1,2.6695526695526697,2.027027027027027,33.33333333333333,3.8506435777511503,285.064357775115,8.740202702702703,431.18333333333334,1293.55,3687.45
9,2021-02-01,facebook_lal,social,544756,56916,16997.8,596,14,2,4162.0,2021,2,February,1,1.0471572141401364,2.348993288590604,14.285714285714285,0.24485521655743686,-75.51447834425632,28.51979865771812,1214.1285714285714,8498.9,-12835.8
10,2021-02-01,instagram_blogger,influencer,374754,120436,23604.1,1498,49,7,39081.0,2021,2,February,1,1.2438141419509117,3.2710280373831773,14.285714285714285,1.655686935744214,65.5686935744214,15.757076101468623,481.7163265306122,3372.0142857142855,15476.900000000001
11,2021-02-01,banner_partner,media,39889,20900000,931.99,2090,3,0,0.0,2021,2,February,1,0.01,0.14354066985645933,0.0,0.0,-100.0,0.4459282296650718,310.66333333333336,,-931.99
12,2021-02-02,facebook_tier1,social,349043,478200,18385.3,2391,48,4,17812.0,2021,2,February,1,0.5,2.0075282308657463,8.333333333333332,0.9688174791817377,-3.118252081826238,7.689376829778335,383.02708333333334,4596.325,-573.2999999999993
13,2021-02-02,facebOOK_tier2,social,348934,957806,2198.05,3294,10,0,0.0,2021,2,February,1,0.34391097988527947,0.3035822707953855,0.0,0.0,-100.0,0.6672890103217972,219.805,,-2198.05
14,2021-02-02,google_hot,search,89459845,43806,11446.7,907,18,3,23943.0,2021,2,February,1,2.0704926265808337,1.9845644983461963,16.666666666666664,2.0916945495208226,109.16945495208226,12.62039691289967,635.9277777777778,3815.566666666667,12496.3
15,2021-02-02,google_wide,search,127823,314704,15153.6,2395,39,4,12540.0,2021,2,February,1,0.7610325893538055,1.62839248434238,10.256410256410255,0.8275261324041812,-17.247386759581886,6.327181628392484,388.55384615384617,3788.4,-2613.6000000000004
16,2021-02-02,youtube_blogger,influencer,10934,449200,42301.1,4492,85,17,149141.0,2021,2,February,1,1.0,1.8922528940338381,20.0,3.5257002772977537,252.57002772977532,9.416985752448797,497.65999999999997,2488.2999999999997,106839.9
17,2021-02-02,instagram_tier1,social,9034945,540200,29081.1,2701,54,9,45585.0,2021,2,February,1,0.5,1.9992595335061087,16.666666666666664,1.5675129207629699,56.75129207629699,10.766790077748981,538.5388888888889,3231.233333333333,16503.9
18,2021-02-02,instagram_tier2,social,983498,1020800,1421.34,5104,14,0,0.0,2021,2,February,1,0.5,0.274294670846395,0.0,0.0,-100.0,0.2784757053291536,101.52428571428571,,-1421.34
19,2021-02-02,facebook_retargeting,social,4387490,10033,169.75,301,0,0,0.0,2021,2,February,1,3.000099671085418,0.0,,0.0,-100.0,0.563953488372093,,,-169.75
20,2021-02-02,facebook_lal,social,544756,107553,8829.07,1196,7,1,1129.0,2021,2,February,1,1.1120098927970397,0.5852842809364548,14.285714285714285,0.12787303759059562,-87.21269624094043,7.382165551839464,1261.2957142857142,8829.07,-7700.07
21,2021-02-02,instagram_blogger,influencer,374754,299600,13919.1,2996,19,3,14466.0,2021,2,February,1,1.0,0.6341789052069425,15.789473684210526,1.0392913334913896,3.9291333491389504,4.645894526034713,732.5842105263158,4639.7,546.8999999999996
22,2021-02-02,banner_partner,media,39889,42000000,46159.8,4200,92,13,51753.0,2021,2,February,1,0.01,2.1904761904761907,14.130434782608695,1.121170369022396,12.117036902239605,10.990428571428572,501.73695652173916,3550.7538461538466,5593.199999999997
23,2021-02-03,facebook_tier1,social,349043,2313889,65284.4,7197,115,13,72527.0,2021,2,February,1,0.31103479898992564,1.597888008892594,11.304347826086957,1.1109392136559424,11.093921365594229,9.071057385021536,567.6904347826087,5021.876923076923,7242.5999999999985
24,2021-02-03,facebOOK_tier2,social,348934,1105666,78958.3,9898,226,12,59772.0,2021,2,February,1,0.8952070516774504,2.2832895534451407,5.3097345132743365,0.7570071797391787,-24.299282026082125,7.977197413618913,349.37300884955755,6579.858333333334,-19186.300000000003
25,2021-02-03,google_hot,search,89459845,134900,77345.5,2698,84,16,115856.0,2021,2,February,1,2.0,3.1134173461823575,19.047619047619047,1.4979022696860191,49.79022696860193,28.667716827279467,920.7797619047619,4834.09375,38510.5
26,2021-02-03,google_wide,search,127823,4371854,49498.9,7207,144,13,38753.0,2021,2,February,1,0.16484996982973357,1.9980574441515193,9.027777777777777,0.7829062868063734,-21.709371319362656,6.868169834882753,343.7423611111111,3807.6076923076926,-10745.900000000001
27,2021-02-03,youtube_blogger,influencer,10934,1035261,189341.0,13503,455,91,772499.0,2021,2,February,1,1.3043087685134473,3.3696215655780195,20.0,4.079935143471303,307.9935143471303,14.022143227430941,416.1340659340659,2080.6703296703295,583158.0
28,2021-02-03,instagram_tier1,social,9034945,1618600,62509.8,8093,166,15,84600.0,2021,2,February,1,0.5,2.051155319411837,9.036144578313253,1.353387788794717,35.3387788794717,7.72393426417892,376.5650602409639,4167.320000000001,22090.199999999997
29,2021-02-03,instagram_tier2,social,983498,3059600,94399.9,15298,592,36,104184.0,2021,2,February,1,0.5,3.869786900248399,6.081081081081082,1.1036452369123273,10.364523691232732,6.170734736566871,159.45929054054054,2622.2194444444444,9784.100000000006
30,2021-02-03,facebook_retargeting,social,4387490,29867,5039.51,896,18,4,23560.0,2021,2,February,1,2.9999665182308233,2.0089285714285716,22.22222222222222,4.675057694101212,367.50576941012116,5.6244531250000005,279.97277777777776,1259.8775,18520.489999999998
31,2021-02-03,facebook_lal,social,544756,295009,76716.4,3595,72,9,5607.0,2021,2,February,1,1.2186068899592895,2.0027816411682893,12.5,0.07308737114880261,-92.69126288511974,21.339749652294852,1065.5055555555555,8524.044444444444,-71109.4
32,2021-02-03,instagram_blogger,influencer,374754,667352,194336.0,8996,342,51,254031.0,2021,2,February,1,1.3480142413598821,3.8016896398399287,14.912280701754385,1.3071741725671002,30.71741725671003,21.60248999555358,568.233918128655,3810.5098039215686,59695.0
33,2021-02-03,banner_partner,media,39889,125910000,29378.3,12591,68,13,51753.0,2021,2,February,1,0.01,0.5400683027559368,19.11764705882353,1.7616063557115287,76.16063557115285,2.333277738066873,432.03382352941173,2259.869230769231,22374.7
34,2021-02-04,facebook_tier1,social,349043,2475754,173914.0,9601,192,31,154411.0,2021,2,February,1,0.3878010497004145,1.9997916883657954,16.145833333333336,0.8878583667789827,-11.214163322101728,18.114154775544215,905.8020833333334,5610.129032258064,-19503.0
35,2021-02-04,facebOOK_tier2,social,348934,4597702,115389.0,13206,143,17,82909.0,2021,2,February,1,0.2872304468623673,1.0828411328184158,11.888111888111888,0.7185173630068724,-28.148263699312757,8.737619263970922,806.916083916084,6787.588235294118,-32480.0
36,2021-02-04,google_hot,search,89459845,196484,41269.6,3599,55,9,68589.0,2021,2,February,1,1.8317013090124388,1.5282022784106695,16.363636363636363,1.6619739469246129,66.19739469246129,11.466963045290358,750.3563636363637,4585.511111111111,27319.4
37,2021-02-04,google_wide,search,127823,1531679,60108.8,9591,234,17,58990.0,2021,2,February,1,0.6261755890104911,2.439787300594307,7.264957264957266,0.9813870847529812,-1.8612915247018789,6.267208841622355,256.8752136752137,3535.8117647058825,-1118.800000000003
38,2021-02-04,youtube_blogger,influencer,10934,2120555,185263.0,17993,445,89,624958.0,2021,2,February,1,0.848504283076836,2.4731840160062246,20.0,3.373355715928167,237.3355715928167,10.296393041738455,416.3213483146067,2081.6067415730336,439695.0
39,2021-02-04,instagram_tier1,social,9034945,1322751,104028.0,10794,238,27,179037.0,2021,2,February,1,0.8160265991104901,2.204928664072633,11.344537815126051,1.7210462567770215,72.10462567770216,9.63757643135075,437.0924369747899,3852.8888888888887,75009.0
40,2021-02-04,instagram_tier2,social,983498,3008227,40119.2,20392,408,12,23772.0,2021,2,February,1,0.6778743758366639,2.000784621420165,2.941176470588235,0.5925342479411354,-40.74657520588645,1.9673989799921536,98.3313725490196,3343.2666666666664,-16347.199999999997
41,2021-02-04,facebook_retargeting,social,4387490,43160,885.75,1194,4,1,5287.0,2021,2,February,1,2.766450417052827,0.33500837520938026,25.0,5.968952864803838,496.8952864803838,0.7418341708542714,221.4375,885.75,4401.25
42,2021-02-04,facebook_lal,social,544756,432611,120335.0,4807,71,13,6864.0,2021,2,February,1,1.1111599104044974,1.477012689827335,18.30985915492958,0.05704076120829352,-94.29592387917066,25.033284793010193,1694.8591549295775,9256.538461538461,-113471.0
43,2021-02-04,instagram_blogger,influencer,374754,1199300,149279.0,11993,267,38,224542.0,2021,2,February,1,1.0,2.226298674226632,14.232209737827715,1.5041767428774309,50.41767428774308,12.447177520220128,559.0973782771536,3928.3947368421054,75263.0
44,2021-02-04,banner_partner,media,39889,41924802,177746.0,16806,336,60,204540.0,2021,2,February,1,0.04008605693593973,1.9992859692966798,17.857142857142858,1.1507431953461682,15.074319534616812,10.576341782696655,529.0059523809524,2962.4333333333334,26794.0
45,2021-02-05,facebook_tier1,social,349043,3462883,90691.7,11997,143,17,84677.0,2021,2,February,1,0.3464454328950762,1.1919646578311245,11.888111888111888,0.9336797082864253,-6.632029171357464,7.559531549554055,634.2076923076922,5334.805882352941,-6014.699999999997
46,2021-02-05,facebOOK_tier2,social,348934,3299600,261047.0,16498,330,42,209202.0,2021,2,February,1,0.5,2.000242453630743,12.727272727272727,0.8013959172103108,-19.860408278968922,15.822948236149836,791.0515151515151,6215.4047619047615,-51845.0
47,2021-02-05,google_hot,search,89459845,236719,96930.6,4504,151,23,177882.0,2021,2,February,1,1.902677858558037,3.352575488454707,15.2317880794702,1.8351480337478565,83.51480337478566,21.521003552397868,641.9245033112583,4214.373913043479,80951.4
48,2021-02-05,google_wide,search,127823,9914040,56875.2,11993,139,14,49644.0,2021,2,February,1,0.12096985688982494,1.1590094221629283,10.071942446043165,0.8728584690691198,-12.71415309308802,4.742366380388559,409.1741007194244,4062.5142857142855,-7231.199999999997
49,2021-02-05,youtube_blogger,influencer,10934,1965108,442617.0,22507,731,146,1165230.0,2021,2,February,1,1.1453314525206757,3.2478784378193453,19.972640218878247,2.6325920604043676,163.25920604043677,19.66574843382059,605.4952120383037,3031.623287671233,722613.0
50,2021-02-05,instagram_tier1,social,9034945,7485780,258306.0,13498,526,76,454556.0,2021,2,February,1,0.1803152109733388,3.8968736109053195,14.44866920152091,1.7597578066324437,75.97578066324438,19.1366128315306,491.0760456273764,3398.7631578947367,196250.0
51,2021-02-05,instagram_tier2,social,983498,5100600,13588.8,25503,765,4,7924.0,2021,2,February,1,0.5,2.9996471003411362,0.522875816993464,0.5831272812904745,-41.68727187095255,0.5328314315962828,17.76313725490196,3397.2,-5664.799999999999
52,2021-02-05,facebook_retargeting,social,4387490,48954,6790.74,1505,30,5,27060.0,2021,2,February,1,3.074314662744617,1.9933554817275747,16.666666666666664,3.9848381766935566,298.48381766935563,4.512119601328903,226.358,1358.148,20269.260000000002
53,2021-02-05,facebook_lal,social,544756,600400,192789.0,6004,120,21,9492.0,2021,2,February,1,1.0,1.9986675549633577,17.5,0.04923517420599723,-95.07648257940028,32.110093271152564,1606.575,9180.42857142857,-183297.0
54,2021-02-05,instagram_blogger,influencer,374754,2153303,36431.7,15003,51,8,47816.0,2021,2,February,1,0.6967435609387067,0.33993201359728054,15.686274509803921,1.3124833592722822,31.248335927228222,2.4282943411317737,714.3470588235293,4553.9625,11384.300000000003
55,2021-02-05,banner_partner,media,39889,8238872,427922.0,20997,796,119,471240.0,2021,2,February,1,0.254852848788038,3.791017764442539,14.949748743718594,1.101228728600072,10.122872860007199,20.38014954517312,537.5904522613065,3595.983193277311,43318.0
56,2021-02-06,facebook_tier1,social,349043,310024,40407.9,2391,76,9,46152.0,2021,2,February,1,0.7712306144040462,3.178586365537432,11.842105263157894,1.1421528958446243,14.21528958446244,16.900000000000002,531.6828947368422,4489.766666666666,5744.0999999999985
57,2021-02-06,facebOOK_tier2,social,348934,448321,62272.6,3302,108,9,44829.0,2021,2,February,1,0.7365258375137457,3.2707450030284675,8.333333333333332,0.7198832231189962,-28.011677688100384,18.859055118110234,576.5981481481481,6919.177777777778,-17443.6
58,2021-02-06,google_hot,search,89459845,44950,6768.87,899,13,1,8136.0,2021,2,February,1,2.0,1.4460511679644048,7.6923076923076925,1.2019731506145044,20.197315061450436,7.529332591768632,520.6823076923076,6768.87,1367.13
59,2021-02-06,google_wide,search,127823,478400,22542.0,2392,48,6,13152.0,2021,2,February,1,0.5,2.0066889632107023,12.5,0.5834442374234762,-41.655576257652385,9.423913043478262,469.625,3757.0,-9390.0
60,2021-02-06,youtube_blogger,influencer,10934,472252,80971.4,4508,133,27,215487.0,2021,2,February,1,0.9545750997348872,2.950310559006211,20.30075187969925,2.661272992686307,166.12729926863068,17.96171251109139,608.8075187969924,2998.9407407407407,134515.6
61,2021-02-06,instagram_tier1,social,9034945,425467,3661.53,2695,14,1,5958.0,2021,2,February,1,0.633421628469423,0.5194805194805194,7.142857142857142,1.6271886342594488,62.71886342594488,1.3586382189239332,261.53785714285715,3661.53,2296.47
62,2021-02-06,instagram_tier2,social,983498,1589341,12183.4,5092,102,5,12295.0,2021,2,February,1,0.32038436056201913,2.0031421838177534,4.901960784313726,1.0091600045964182,0.9160004596418106,2.3926551453260014,119.44509803921568,2436.68,111.60000000000036
63,2021-02-06,facebook_retargeting,social,4387490,10200,1420.15,306,6,1,5492.0,2021,2,February,1,3.0,1.9607843137254901,16.666666666666664,3.8671971270640424,286.71971270640427,4.641013071895425,236.6916666666667,1420.15,4071.85
64,2021-02-06,facebook_lal,social,544756,119700,29281.0,1197,24,4,6428.0,2021,2,February,1,1.0,2.0050125313283207,16.666666666666664,0.21952802158396229,-78.04719784160376,24.461988304093566,1220.0416666666667,7320.25,-22853.0
65,2021-02-06,instagram_blogger,influencer,374754,300700,8289.21,3007,20,2,9450.0,2021,2,February,1,1.0,0.6651147322913202,10.0,1.1400362640106838,14.00362640106839,2.756637845028267,414.46049999999997,4144.605,1160.7900000000009
66,2021-02-06,banner_partner,media,39889,42070000,38185.2,4207,84,10,48820.0,2021,2,February,1,0.01,1.9966722129783694,11.904761904761903,1.278505808533149,27.850580853314906,9.076586641312097,454.58571428571423,3818.5199999999995,10634.800000000003
67,2021-02-07,facebook_tier1,social,349043,478000,27314.4,2390,45,5,24905.0,2021,2,February,1,0.5,1.882845188284519,11.11111111111111,0.9117901180329789,-8.82098819670211,11.428619246861926,606.9866666666667,5462.88,-2409.4000000000015
68,2021-02-07,facebOOK_tier2,social,348934,659000,38485.6,3295,66,5,23735.0,2021,2,February,1,0.5,2.0030349013657056,7.575757575757576,0.6167241773546469,-38.3275822645353,11.68,583.1151515151515,7697.12,-14750.599999999999
69,2021-02-07,google_hot,search,89459845,44650,6426.0,893,18,2,14152.0,2021,2,February,1,2.0,2.015677491601344,11.11111111111111,2.202303143479614,120.23031434796141,7.195968645016797,357.0,3213.0,7726.0
70,2021-02-07,google_wide,search,127823,1137473,18102.1,2404,48,5,17845.0,2021,2,February,1,0.21134567589736197,1.9966722129783694,10.416666666666668,0.985797227945929,-1.4202772054070996,7.529991680532445,377.1270833333333,3620.4199999999996,-257.09999999999854
71,2021-02-07,youtube_blogger,influencer,10934,694624,31680.1,4505,82,15,119715.0,2021,2,February,1,0.6485523103146451,1.8201997780244172,18.29268292682927,3.7788706475042693,277.88706475042693,7.0322086570477245,386.34268292682924,2112.0066666666667,88034.9
72,2021-02-07,instagram_tier1,social,9034945,1246126,37965.9,2696,100,11,65791.0,2021,2,February,1,0.21635051351147475,3.7091988130563793,11.0,1.7328971524446937,73.28971524446938,14.08230712166172,379.659,3451.4454545454546,27825.1
73,2021-02-07,instagram_tier2,social,983498,567096,6747.94,5103,199,2,3962.0,2021,2,February,1,0.8998476448432012,3.8996668626298256,1.0050251256281406,0.5871421500487557,-41.28578499512444,1.3223476386439348,33.90924623115578,3373.97,-2785.9399999999996
74,2021-02-07,facebook_retargeting,social,4387490,9938,3435.44,294,6,1,4981.0,2021,2,February,1,2.958341718655665,2.0408163265306123,16.666666666666664,1.4498870595906201,44.98870595906201,11.685170068027212,572.5733333333334,3435.44,1545.56
75,2021-02-07,facebook_lal,social,544756,174221,10104.9,1197,6,1,981.0,2021,2,February,1,0.6870583913535108,0.5012531328320802,16.666666666666664,0.09708161387049848,-90.29183861295014,8.44185463659148,1684.1499999999999,10104.9,-9123.9
76,2021-02-07,instagram_blogger,influencer,374754,300700,46167.6,3007,93,12,68076.0,2021,2,February,1,1.0,3.0927835051546393,12.903225806451612,1.4745405869051023,47.45405869051023,15.353375457266377,496.4258064516129,3847.2999999999997,21908.4
77,2021-02-07,banner_partner,media,39889,3957603,79987.7,4203,142,27,90504.0,2021,2,February,1,0.10620064720993996,3.378539138710445,19.014084507042252,1.1314739641219838,13.147396412198379,19.031096835593623,563.2936619718309,2962.5074074074073,10516.300000000003
78,2021-02-08,facebook_tier1,social,349043,479000,27210.4,2395,36,5,22345.0,2021,2,February,1,0.5,1.5031315240083507,13.88888888888889,0.8211933672419368,-17.880663275806313,11.36133611691023,755.8444444444444,5442.08,-4865.4000000000015
79,2021-02-08,facebOOK_tier2,social,348934,472656,33752.8,3290,66,5,28670.0,2021,2,February,1,0.6960664838698757,2.0060790273556233,7.575757575757576,0.8494110118271668,-15.058898817283314,10.25920972644377,511.40606060606063,6750.56,-5082.800000000003
80,2021-02-08,google_hot,search,89459845,51350,6918.85,904,20,2,16240.0,2021,2,February,1,1.7604673807205453,2.2123893805309733,10.0,2.347210880420879,134.7210880420879,7.653595132743363,345.9425,3459.425,9321.15
81,2021-02-08,google_wide,search,127823,478000,16567.5,2390,48,5,16995.0,2021,2,February,1,0.5,2.00836820083682,10.416666666666668,1.0258035310095066,2.5803531009506564,6.932008368200837,345.15625,3313.5,427.5
82,2021-02-08,youtube_blogger,influencer,10934,685530,33892.6,4491,79,16,120176.0,2021,2,February,1,0.6551135617697256,1.7590737029614785,20.253164556962027,3.5457887562476764,254.57887562476765,7.546782453796482,429.02025316455695,2118.2875,86283.4
83,2021-02-08,instagram_tier1,social,9034945,472836,330.76,2690,1,0,0.0,2021,2,February,1,0.5689076127875203,0.03717472118959108,0.0,0.0,-100.0,0.12295910780669145,330.76,,-330.76
84,2021-02-08,instagram_tier2,social,983498,1020000,2057.3,5100,102,1,1981.0,2021,2,February,1,0.5,2.0,0.9803921568627451,0.9629125552909152,-3.708744470908481,0.40339215686274515,20.169607843137257,2057.3,-76.30000000000018
85,2021-02-08,facebook_retargeting,social,4387490,10067,4336.04,302,10,2,10036.0,2021,2,February,1,2.999900665540876,3.3112582781456954,20.0,2.3145542937795778,131.45542937795778,14.357748344370862,433.604,2168.02,5699.96
86,2021-02-08,facebook_lal,social,544756,120200,40099.0,1202,24,5,4905.0,2021,2,February,1,1.0,1.9966722129783694,20.833333333333336,0.12232225242524751,-87.76777475747525,33.36023294509151,1670.7916666666667,8019.8,-35194.0
87,2021-02-08,instagram_blogger,influencer,374754,361650,31154.3,2991,60,9,45027.0,2021,2,February,1,0.8270427208627127,2.0060180541624875,15.0,1.4452900562683162,44.52900562683161,10.416014710799063,519.2383333333333,3461.588888888889,13872.7
88,2021-02-08,banner_partner,media,39889,2233790,31883.9,4197,84,10,42280.0,2021,2,February,1,0.18788695445856593,2.0014295925661187,11.904761904761903,1.3260611154846176,32.606111548461755,7.5968310698117705,379.5702380952381,3188.3900000000003,10396.099999999999
89,2021-02-09,facebook_tier1,social,349043,478600,49036.5,2393,68,9,42813.0,2021,2,February,1,0.5,2.841621395737568,13.23529411764706,0.8730843351381115,-12.69156648618886,20.491642290012535,721.125,5448.5,-6223.5
90,2021-02-09,facebOOK_tier2,social,348934,555116,62119.4,3303,96,11,54791.0,2021,2,February,1,0.5950107725232203,2.9064486830154403,11.458333333333332,0.8820271927932336,-11.797280720676634,18.806963366636392,647.0770833333333,5647.218181818182,-7328.4000000000015
91,2021-02-09,google_hot,search,89459845,44900,3095.21,898,5,1,7998.0,2021,2,February,1,2.0,0.5567928730512249,20.0,2.5839926854720683,158.39926854720682,3.446781737193764,619.042,3095.21,4902.79
92,2021-02-09,google_wide,search,127823,478600,20299.3,2393,48,5,14905.0,2021,2,February,1,0.5,2.0058503969912245,10.416666666666668,0.7342617725734385,-26.57382274265615,8.482783117425825,422.90208333333334,4059.8599999999997,-5394.299999999999
93,2021-02-09,youtube_blogger,influencer,10934,491821,27833.0,4495,90,18,143658.0,2021,2,February,1,0.9139504006538965,2.0022246941045605,20.0,5.161427082959078,416.14270829590777,6.191991101223581,309.25555555555553,1546.2777777777778,115825.0
94,2021-02-09,instagram_tier1,social,9034945,759532,10317.0,2701,19,3,19800.0,2021,2,February,1,0.35561372002759595,0.7034431691965939,15.789473684210526,1.919162547252108,91.91625472521082,3.8196964087375047,543.0,3439.0,9483.0
95,2021-02-09,instagram_tier2,social,983498,1022000,7398.26,5110,102,3,5943.0,2021,2,February,1,0.5,1.9960861056751469,2.941176470588235,0.8032969914547474,-19.670300854525255,1.4478003913894326,72.53196078431372,2466.0866666666666,-1455.2600000000002
96,2021-02-09,facebook_retargeting,social,4387490,9721,2152.37,290,6,1,4353.0,2021,2,February,1,2.9832321777594895,2.0689655172413794,16.666666666666664,2.0224217955091364,102.24217955091366,7.421965517241379,358.7283333333333,2152.37,2200.63
97,2021-02-09,facebook_lal,social,544756,189854,29091.4,1198,24,3,2943.0,2021,2,February,1,0.6310111980785236,2.003338898163606,12.5,0.10116391785888612,-89.88360821411139,24.28330550918197,1212.1416666666667,9697.133333333333,-26148.4
98,2021-02-09,instagram_blogger,influencer,374754,346068,57642.4,3006,99,15,89460.0,2021,2,February,1,0.8686154166233226,3.293413173652695,15.151515151515152,1.5519825683871593,55.19825683871594,19.175781769793748,582.2464646464647,3842.826666666667,31817.6
99,2021-02-09,banner_partner,media,39889,3736884,44731.7,4190,84,13,51259.0,2021,2,February,1,0.1121255034943552,2.0047732696897373,15.476190476190476,1.145921125286989,14.592112528698895,10.67582338902148,532.520238095238,3440.8999999999996,6527.300000000003
100,2021-02-10,facebook_tier1,social,349043,961800,43386.4,4809,96,8,42400.0,2021,2,February,1,0.5,1.9962570180910792,8.333333333333332,0.9772647649954824,-2.2735235004517578,9.021917238511126,451.94166666666666,5423.3,-986.4000000000015
101,2021-02-10,facebOOK_tier2,social,348934,852250,43865.9,6596,132,7,34867.0,2021,2,February,1,0.7739513053681432,2.0012128562765312,5.303030303030303,0.7948543173626894,-20.514568263731057,6.650379017586416,332.31742424242424,6266.557142857143,-8998.900000000001
102,2021-02-10,google_hot,search,89459845,108748,51883.1,1797,57,11,86724.0,2021,2,February,1,1.6524441828815244,3.1719532554257093,19.298245614035086,1.6715269519361797,67.15269519361796,28.872064552031162,910.2298245614035,4716.645454545454,34840.9
103,2021-02-10,google_wide,search,127823,797238,67577.8,4797,154,19,42598.0,2021,2,February,1,0.6017023774581743,3.2103397957056496,12.337662337662337,0.6303549390480305,-36.964506095196946,14.087513028976444,438.81688311688316,3556.726315789474,-24979.800000000003
104,2021-02-10,youtube_blogger,influencer,10934,1469962,19831.4,8998,80,16,130768.0,2021,2,February,1,0.6121246671682669,0.8890864636585907,20.0,6.593987313049003,559.3987313049003,2.2039786619248725,247.8925,1239.4625,110936.6
105,2021-02-10,instagram_tier1,social,9034945,3858193,38890.3,5406,186,14,83734.0,2021,2,February,1,0.14011740729403638,3.4406215316315207,7.526881720430108,2.1530818738862902,115.30818738862902,7.193914169441362,209.08763440860216,2777.878571428572,44843.7
106,2021-02-10,instagram_tier2,social,983498,2040000,14147.9,10200,395,4,7924.0,2021,2,February,1,0.5,3.872549019607843,1.0126582278481013,0.560083121876745,-43.9916878123255,1.387049019607843,35.81746835443038,3536.975,-6223.9
107,2021-02-10,facebook_retargeting,social,4387490,18399,12713.0,599,22,5,27065.0,2021,2,February,1,3.2556117180281534,3.672787979966611,22.727272727272727,2.128923149531975,112.89231495319751,21.223706176961603,577.8636363636364,2542.6,14352.0
108,2021-02-10,facebook_lal,social,544756,321713,131236.0,2396,88,15,14715.0,2021,2,February,1,0.7447631895509351,3.672787979966611,17.045454545454543,0.11212624584717608,-88.78737541528238,54.77295492487479,1491.3181818181818,8749.066666666668,-116521.0
109,2021-02-10,instagram_blogger,influencer,374754,489728,126901.0,6005,187,34,143888.0,2021,2,February,1,1.2261908651332984,3.1140716069941714,18.181818181818183,1.1338602532682958,13.386025326829575,21.13255620316403,678.6149732620321,3732.3823529411766,16987.0
110,2021-02-10,banner_partner,media,39889,5219501,179519.0,8391,302,60,196680.0,2021,2,February,1,0.16076249434572384,3.599094267667739,19.867549668874172,1.0955943382037556,9.55943382037556,21.39423191514718,594.433774834437,2991.983333333333,17161.0
111,2021-02-11,facebook_tier1,social,349043,1061233,105681.0,7206,144,23,105225.0,2021,2,February,1,0.679021477846995,1.9983347210657785,15.972222222222221,0.9956851278848611,-0.4314872115138956,14.665695253955038,733.8958333333334,4594.826086956522,-456.0
112,2021-02-11,facebOOK_tier2,social,348934,4564542,188516.0,9895,304,28,131068.0,2021,2,February,1,0.21677969005433623,3.0722587165234967,9.210526315789473,0.695261940631034,-30.473805936896603,19.051642243557353,620.1184210526316,6732.714285714285,-57448.0
113,2021-02-11,google_hot,search,89459845,134600,26220.4,2692,54,6,48990.0,2021,2,February,1,2.0,2.0059435364041605,11.11111111111111,1.8683925493127487,86.83925493127488,9.740118870728084,485.562962962963,4370.066666666667,22769.6
114,2021-02-11,google_wide,search,127823,1254537,51422.5,7198,144,14,41986.0,2021,2,February,1,0.5737574898149675,2.0005557099194218,9.722222222222223,0.8164908357236618,-18.350916427633816,7.143998332870241,357.10069444444446,3673.035714285714,-9436.5
115,2021-02-11,youtube_blogger,influencer,10934,1210466,197161.0,13506,474,95,831820.0,2021,2,February,1,1.1157686378634344,3.509551310528654,20.042194092827003,4.218988542358783,321.8988542358783,14.598030504960759,415.95147679324896,2075.378947368421,634659.0
116,2021-02-11,instagram_tier1,social,9034945,2224531,348.99,8106,1,0,0.0,2021,2,February,1,0.3643914155388259,0.012336540833950159,0.0,0.0,-100.0,0.043053293856402663,348.99,,-348.99
117,2021-02-11,instagram_tier2,social,983498,3058200,4138.73,15291,114,1,2771.0,2021,2,February,1,0.5,0.7455365901510693,0.8771929824561403,0.669529058430968,-33.04709415690319,0.27066444313648547,36.304649122807014,4138.73,-1367.7299999999996
118,2021-02-11,facebook_retargeting,social,4387490,26774,17711.1,893,27,6,29886.0,2021,2,February,1,3.335325315604691,3.0235162374020157,22.22222222222222,1.687416366007758,68.7416366007758,19.833258678611422,655.9666666666666,2951.85,12174.900000000001
119,2021-02-11,facebook_lal,social,544756,359500,6171.15,3595,5,1,677.0,2021,2,February,1,1.0,0.13908205841446453,20.0,0.10970402599191399,-89.0295974008086,1.7165924895688456,1234.23,6171.15,-5494.15
120,2021-02-11,instagram_blogger,influencer,374754,900400,128751.0,9004,227,29,143869.0,2021,2,February,1,1.0,2.521101732563305,12.77533039647577,1.1174204472198275,11.742044721982742,14.299311417147933,567.1850220264317,4439.689655172414,15118.0
121,2021-02-11,banner_partner,media,39889,5125187,193124.0,12602,482,57,226917.0,2021,2,February,1,0.2458837111699534,3.824789715918108,11.825726141078837,1.1749808413247447,17.498084132474474,15.32486906840184,400.6721991701245,3388.1403508771928,33793.0
122,2021-02-12,facebook_tier1,social,349043,1804868,110004.0,9607,192,23,96163.0,2021,2,February,1,0.5322826932495894,1.9985427292599147,11.979166666666668,0.8741773026435402,-12.582269735645976,11.450400749453523,572.9375,4782.782608695652,-13841.0
123,2021-02-12,facebOOK_tier2,social,348934,2639200,191722.0,13196,325,32,176512.0,2021,2,February,1,0.5,2.4628675356168537,9.846153846153847,0.9206663815315926,-7.933361846840738,14.528796605031827,589.9138461538462,5991.3125,-15210.0
124,2021-02-12,google_hot,search,89459845,161493,59745.3,3602,72,14,122710.0,2021,2,February,1,2.2304372325735478,1.9988895058300944,19.444444444444446,2.053885410233106,105.38854102331061,16.58670183231538,829.7958333333333,4267.521428571429,62964.7
125,2021-02-12,google_wide,search,127823,1502383,86733.1,9605,192,19,56639.0,2021,2,February,1,0.6393176706605439,1.9989588755856325,9.895833333333332,0.6530263532607504,-34.69736467392495,9.029994794377929,451.7348958333334,4564.900000000001,-30094.100000000006
126,2021-02-12,youtube_blogger,influencer,10934,1299708,121652.0,17994,378,61,486841.0,2021,2,February,1,1.384464818251484,2.100700233411137,16.137566137566136,4.001915299378555,300.19152993785553,6.7606980104479275,321.83068783068785,1994.295081967213,365189.0
127,2021-02-12,instagram_tier1,social,9034945,3735390,26659.9,10806,115,9,53523.0,2021,2,February,1,0.2892870623950913,1.0642235794928743,7.82608695652174,2.007621934065769,100.7621934065769,2.4671386266888766,231.82521739130436,2962.211111111111,26863.1
128,2021-02-12,instagram_tier2,social,983498,7156880,49060.3,20391,408,15,29715.0,2021,2,February,1,0.2849146555482277,2.000882742386347,3.6764705882352944,0.6056832102535044,-39.43167897464957,2.4059781276053163,120.24583333333334,3270.686666666667,-19345.300000000003
129,2021-02-12,facebook_retargeting,social,4387490,42587,11278.3,1207,34,8,39848.0,2021,2,February,1,2.834198229506657,2.8169014084507045,23.52941176470588,3.5331565927489073,253.31565927489072,9.34407622203811,331.7147058823529,1409.7875,28569.7
130,2021-02-12,facebook_lal,social,544756,480000,44580.9,4800,33,5,6945.0,2021,2,February,1,1.0,0.6875,15.151515151515152,0.1557842035490535,-84.42157964509465,9.2876875,1350.9363636363637,8916.18,-37635.9
131,2021-02-12,instagram_blogger,influencer,374754,1200300,308572.0,12003,412,79,393499.0,2021,2,February,1,1.0,3.432475214529701,19.174757281553397,1.275225879211335,27.52258792113348,25.707906356744147,748.9611650485436,3905.974683544304,84927.0
132,2021-02-12,banner_partner,media,39889,10819771,145201.0,16808,336,49,195069.0,2021,2,February,1,0.15534524714062803,1.9990480723465014,14.583333333333334,1.3434411608735477,34.34411608735477,8.638802950975727,432.1458333333333,2963.285714285714,49868.0
133,2021-02-13,facebook_tier1,social,349043,1496322,308692.0,11990,397,60,341880.0,2021,2,February,1,0.8012981163145366,3.311092577147623,15.113350125944585,1.1075116945045547,10.751169450455471,25.74578815679733,777.5617128463476,5144.866666666667,33188.0
134,2021-02-13,facebOOK_tier2,social,348934,2358224,325444.0,16506,655,52,262184.0,2021,2,February,1,0.6999335092849535,3.968253968253968,7.938931297709924,0.805619399958211,-19.438060004178904,19.716709075487703,496.8610687022901,6258.538461538462,-63260.0
135,2021-02-13,google_hot,search,89459845,225350,61588.1,4507,100,17,152660.0,2021,2,February,1,2.0,2.2187708009762592,17.0,2.4787255979645417,147.87255979645417,13.664987796760593,615.881,3622.8294117647056,91071.9
136,2021-02-13,google_wide,search,127823,3452027,216562.0,12010,378,56,123088.0,2021,2,February,1,0.34791153139879843,3.1473771856786015,14.814814814814813,0.5683730294326798,-43.16269705673202,18.03180682764363,572.9153439153439,3867.1785714285716,-93474.0
137,2021-02-13,youtube_blogger,influencer,10934,2250900,205045.0,22509,790,158,1296550.0,2021,2,February,1,1.0,3.509707228219823,20.0,6.3232461167060885,532.3246116706089,9.109467324181438,259.5506329113924,1297.753164556962,1091505.0
138,2021-02-13,instagram_tier1,social,9034945,2698200,88844.8,13491,219,26,176384.0,2021,2,February,1,0.5,1.623304425172337,11.87214611872146,1.9853047111367237,98.53047111367238,6.585486620710103,405.6840182648402,3417.1076923076926,87539.2
139,2021-02-13,instagram_tier2,social,983498,5100600,16656.8,25503,510,6,10134.0,2021,2,February,1,0.5,1.9997647335607578,1.1764705882352942,0.6084001729023583,-39.15998270976418,0.6531310041955848,32.66039215686274,2776.133333333333,-6522.799999999999
140,2021-02-13,facebook_retargeting,social,4387490,50333,8367.08,1510,19,4,18828.0,2021,2,February,1,3.000019867681243,1.2582781456953642,21.052631578947366,2.2502473981365063,125.02473981365063,5.541112582781457,440.3726315789474,2091.77,10460.92
141,2021-02-13,facebook_lal,social,544756,495013,171332.0,6006,128,19,24035.0,2021,2,February,1,1.213301468850313,2.131202131202131,14.84375,0.14028319286531413,-85.97168071346859,28.526806526806528,1338.53125,9017.473684210527,-147297.0
142,2021-02-13,instagram_blogger,influencer,374754,1499200,32770.1,14992,50,8,43976.0,2021,2,February,1,1.0,0.33351120597652084,16.0,1.3419550138693506,34.19550138693504,2.185839114194237,655.4019999999999,4096.2625,11205.900000000001
143,2021-02-13,banner_partner,media,39889,17890507,390105.0,20993,734,118,353174.0,2021,2,February,1,0.11734155996808811,3.4964035630924597,16.076294277929154,0.9053306161161738,-9.466938388382614,18.58262277902158,531.4782016348773,3305.9745762711864,-36931.0
144,2021-02-14,facebook_tier1,social,349043,2452315,60244.9,14406,110,14,63560.0,2021,2,February,1,0.5874449244897169,0.7635707344162155,12.727272727272727,1.0550270645316036,5.502706453160347,4.1819311398028605,547.6809090909092,4303.207142857143,3315.0999999999985
145,2021-02-14,facebOOK_tier2,social,348934,7936534,197948.0,19797,396,30,149430.0,2021,2,February,1,0.24944138083450532,2.00030307622367,7.575757575757576,0.7548952250085881,-24.51047749914119,9.998888720513209,499.8686868686869,6598.266666666666,-48518.0
146,2021-02-14,google_hot,search,89459845,263754,56440.3,5409,90,11,84183.0,2021,2,February,1,2.050774585409131,1.6638935108153077,12.222222222222221,1.491540619025767,49.15406190257669,10.43451654649658,627.1144444444445,5130.936363636364,27742.699999999997
147,2021-02-14,google_wide,search,127823,3111389,196998.0,14390,498,48,101280.0,2021,2,February,1,0.46249440362487626,3.4607366226546215,9.63855421686747,0.5141168945877623,-48.58831054122377,13.689923558026408,395.578313253012,4104.125,-95718.0
148,2021-02-14,youtube_blogger,influencer,10934,2511956,231751.0,26993,540,85,733550.0,2021,2,February,1,1.0745809241881625,2.0005186529841072,15.74074074074074,3.165250635380214,216.5250635380214,8.585596265698515,429.1685185185185,2726.4823529411765,501799.0
149,2021-02-14,instagram_tier1,social,9034945,3239400,312844.0,16197,604,72,377352.0,2021,2,February,1,0.5,3.7290856331419397,11.920529801324504,1.2061986165628875,20.61986165628876,19.314934864481078,517.9536423841059,4345.055555555556,64508.0
150,2021-02-14,instagram_tier2,social,983498,5130500,218228.0,30602,935,54,119718.0,2021,2,February,1,0.5964720787447617,3.0553558590941767,5.775401069518717,0.5485913814909178,-45.14086185090822,7.131167897523038,233.39893048128343,4041.259259259259,-98510.0
151,2021-02-14,facebook_retargeting,social,4387490,55495,4764.34,1790,10,2,10902.0,2021,2,February,1,3.2255158122353365,0.5586592178770949,20.0,2.288249789057876,128.82497890578756,2.661642458100559,476.434,2382.17,6137.66
152,2021-02-14,facebook_lal,social,544756,605220,170719.0,7205,142,21,14280.0,2021,2,February,1,1.1904761904761905,1.970853573907009,14.788732394366196,0.08364622566908195,-91.6353774330918,23.694517696044414,1202.2464788732395,8129.476190476191,-156439.0
153,2021-02-14,instagram_blogger,influencer,374754,2429465,205870.0,17998,354,53,306817.0,2021,2,February,1,0.7408215388984818,1.9668852094677187,14.971751412429379,1.4903434206052364,49.034342060523635,11.438493165907323,581.5536723163842,3884.3396226415093,100947.0
154,2021-02-14,banner_partner,media,39889,7218480,225274.0,25190,504,76,236056.0,2021,2,February,1,0.34896543316598505,2.0007939658594682,15.079365079365079,1.047861715066985,4.786171506698509,8.942993251290195,446.97222222222223,2964.1315789473683,10782.0
155,2021-02-15,facebook_tier1,social,349043,3361800,168064.0,16809,247,30,149430.0,2021,2,February,1,0.5,1.4694508894044858,12.145748987854251,0.8891255712109672,-11.087442878903275,9.998453209590101,680.421052631579,5602.133333333333,-18634.0
156,2021-02-15,facebOOK_tier2,social,348934,3441545,593576.0,23103,694,81,403461.0,2021,2,February,1,0.6712973388405499,3.0039388823962256,11.671469740634006,0.6797124546814561,-32.02875453185439,25.692594035406657,855.2968299711815,7328.098765432099,-190115.0
157,2021-02-15,google_hot,search,89459845,315350,82930.7,6307,126,19,138073.0,2021,2,February,1,2.0,1.9977802441731412,15.079365079365079,1.6649202285763898,66.49202285763897,13.14899318217853,658.1801587301587,4364.773684210526,55142.3
158,2021-02-15,google_wide,search,127823,3359600,124854.0,16798,336,31,92411.0,2021,2,February,1,0.5,2.0002381235861413,9.226190476190476,0.7401524981178016,-25.98475018821984,7.432670556018573,371.5892857142857,4027.548387096774,-32443.0
159,2021-02-15,youtube_blogger,influencer,10934,2478877,151480.0,31504,630,98,782138.0,2021,2,February,1,1.2708980719898568,1.999746063991874,15.555555555555555,5.163308687615527,416.3308687615527,4.808278313864906,240.44444444444446,1545.7142857142858,630658.0
160,2021-02-15,instagram_tier1,social,9034945,3780200,136269.0,18901,378,45,269145.0,2021,2,February,1,0.5,1.9998941854928312,11.904761904761903,1.9751007198996102,97.51007198996103,7.209618538701656,360.5,3028.2,132876.0
161,2021-02-15,instagram_tier2,social,983498,7138400,37098.6,35692,916,11,21791.0,2021,2,February,1,0.5,2.566401434495125,1.2008733624454149,0.5873806558738066,-41.26193441261935,1.0394093914602711,40.500655021834056,3372.6,-15307.599999999999
162,2021-02-15,facebook_retargeting,social,4387490,63986,14609.5,2099,28,5,24905.0,2021,2,February,1,3.280405088613134,1.3339685564554549,17.857142857142858,1.704712686950272,70.4712686950272,6.960219151977132,521.7678571428571,2921.9,10295.5
163,2021-02-15,facebook_lal,social,544756,1093435,6587.76,8402,4,1,741.0,2021,2,February,1,0.7684041575402287,0.047607712449416806,25.0,0.1124813290101643,-88.75186709898357,0.7840704594144252,1646.94,6587.76,-5846.76
164,2021-02-15,instagram_blogger,influencer,374754,2100700,82452.0,21007,122,24,103392.0,2021,2,February,1,1.0,0.5807587946874851,19.672131147540984,1.25396594382186,25.396594382186,3.924977388489551,675.8360655737705,3435.5,20940.0
165,2021-02-15,banner_partner,media,39889,8747458,543275.0,29390,1061,171,809685.0,2021,2,February,1,0.3359833222405869,3.6100714528751277,16.116870876531575,1.4903778012976854,49.037780129768535,18.485028921401838,512.0405278039585,3177.0467836257308,266410.0
166,2021-02-16,facebook_tier1,social,349043,3839000,393027.0,19195,384,64,336448.0,2021,2,February,1,0.5,2.0005209690023444,16.666666666666664,0.8560429690581054,-14.395703094189457,20.4754884084397,1023.5078125,6141.046875,-56579.0
167,2021-02-16,facebOOK_tier2,social,348934,5280000,595176.0,26400,923,80,392160.0,2021,2,February,1,0.5,3.4962121212121215,8.66738894907909,0.6588975361909755,-34.11024638090245,22.544545454545453,644.8277356446371,7439.7,-203016.0
168,2021-02-16,google_hot,search,89459845,373184,102053.0,7198,144,22,185482.0,2021,2,February,1,1.9288072371805864,2.0005557099194218,15.277777777777779,1.8175065897131883,81.75065897131883,14.177966101694915,708.7013888888889,4638.772727272727,83429.0
169,2021-02-16,google_wide,search,127823,3841400,271906.0,19207,666,67,199727.0,2021,2,February,1,0.5,3.4674858124642056,10.06006006006006,0.7345442910417571,-26.545570895824294,14.156609569427813,408.26726726726724,4058.2985074626868,-72179.0
170,2021-02-16,youtube_blogger,influencer,10934,4371118,221258.0,35999,720,128,1021570.0,2021,2,February,1,0.8235650467454778,2.000055557098808,17.77777777777778,4.617098590785418,361.7098590785418,6.146226284063446,307.3027777777778,1728.578125,800312.0
171,2021-02-16,instagram_tier1,social,9034945,4319200,143680.0,21596,432,34,171972.0,2021,2,February,1,0.5,2.0003704389701795,7.87037037037037,1.1969097995545657,19.69097995545657,6.653083904426746,332.5925925925926,4225.882352941177,28292.0
172,2021-02-16,instagram_tier2,social,983498,15988504,103731.0,40794,816,24,41424.0,2021,2,February,1,0.2551458222733034,2.0002941609060154,2.941176470588235,0.3993406021343668,-60.06593978656333,2.5428004118252683,127.12132352941177,4322.125,-62307.0
173,2021-02-16,facebook_retargeting,social,4387490,80233,31712.0,2407,48,12,59772.0,2021,2,February,1,3.000012463699475,1.9941836310760284,25.0,1.8848385469223008,88.48385469223007,13.174906522642294,660.6666666666666,2642.6666666666665,28060.0
174,2021-02-16,facebook_lal,social,544756,1576818,345629.0,9597,292,39,25857.0,2021,2,February,1,0.6086307994962006,3.0426174846306138,13.356164383561644,0.07481143075378513,-92.51885692462149,36.014275294362825,1183.6609589041095,8862.28205128205,-319772.0
175,2021-02-16,instagram_blogger,influencer,374754,3937010,620903.0,23994,833,160,939360.0,2021,2,February,1,0.6094472708984737,3.4717012586479954,19.207683073229294,1.512893318279989,51.28933182799889,25.877427690255896,745.3817527010805,3880.64375,318457.0
176,2021-02-16,banner_partner,media,39889,56876855,206424.0,33592,416,62,246822.0,2021,2,February,1,0.0590609308478818,1.238390092879257,14.903846153846153,1.1957039879083828,19.570398790838276,6.145034532031436,496.21153846153845,3329.4193548387098,40398.0
177,2021-02-17,facebook_tier1,social,349043,4320600,489831.0,21603,652,86,428366.0,2021,2,February,1,0.5,3.0180993380549,13.190184049079754,0.8745179459854521,-12.548205401454787,22.674211915011803,751.2745398773006,5695.709302325581,-61465.0
178,2021-02-17,facebOOK_tier2,social,348934,6102420,403691.0,29704,594,61,303841.0,2021,2,February,1,0.4867577125140518,1.9997306760032318,10.26936026936027,0.7526573542635332,-24.734264573646676,13.59045919741449,679.6144781144781,6617.88524590164,-99850.0
179,2021-02-17,google_hot,search,89459845,490058,116213.0,8104,162,31,227726.0,2021,2,February,1,1.653681809091985,1.9990128331688055,19.1358024691358,1.9595570202989339,95.95570202989339,14.340202369200394,717.3641975308642,3748.8064516129034,111513.0
180,2021-02-17,google_wide,search,127823,4319200,180223.0,21596,442,44,136708.0,2021,2,February,1,0.5,2.0466753102426374,9.95475113122172,0.7585491307990656,-24.14508692009344,8.345202815336174,407.7443438914027,4095.9772727272725,-43515.0
181,2021-02-17,youtube_blogger,influencer,10934,4049400,363811.0,40494,746,149,1189170.0,2021,2,February,1,1.0,1.842248234306317,19.973190348525467,3.268647731926742,226.8647731926742,8.984318664493506,487.6823056300268,2441.6845637583892,825359.0
182,2021-02-17,instagram_tier1,social,9034945,4999407,246023.0,24294,606,73,496546.0,2021,2,February,1,0.4859376322031793,2.4944430723635462,12.046204620462046,2.0182909727952265,101.82909727952266,10.126903762245822,405.97854785478546,3370.178082191781,250523.0
183,2021-02-17,instagram_tier2,social,983498,32964848,162819.0,45907,974,46,121900.0,2021,2,February,1,0.1392604631454694,2.1216807894220926,4.722792607802875,0.7486841216319963,-25.131587836800374,3.5467140087568345,167.1652977412731,3539.5434782608695,-40919.0
184,2021-02-17,facebook_retargeting,social,4387490,84332,31422.5,2698,54,11,45441.0,2021,2,February,1,3.199260067352844,2.001482579688658,20.37037037037037,1.4461293659002308,44.612936590023075,11.646590066716087,581.8981481481482,2856.590909090909,14018.5
185,2021-02-17,facebook_lal,social,544756,1361187,291254.0,10810,216,32,31392.0,2021,2,February,1,0.7941598031717906,1.998149861239593,14.814814814814813,0.10778221071641934,-89.22177892835806,26.943015726179464,1348.398148148148,9101.6875,-259862.0
186,2021-02-17,instagram_blogger,influencer,374754,2795511,462606.0,26990,795,119,592739.0,2021,2,February,1,0.9654764370449623,2.9455353834753613,14.968553459119496,1.2813041767724587,28.130417677245863,17.139903668025195,581.8943396226415,3887.4453781512607,130133.0
187,2021-02-17,banner_partner,media,39889,16553044,523398.0,37805,756,142,565302.0,2021,2,February,1,0.22838699637359752,1.9997354847242428,18.78306878306878,1.0800614446367773,8.006144463677737,13.844676630075387,692.3253968253969,3685.9014084507044,41904.0
188,2021-02-18,facebook_tier1,social,349043,4798200,30892.2,23991,61,6,25686.0,2021,2,February,1,0.5,0.2542620149222625,9.836065573770492,0.8314720220638219,-16.852797793617807,1.2876578717018883,506.4295081967213,5148.7,-5206.200000000001
189,2021-02-18,facebOOK_tier2,social,348934,4678356,373294.0,33003,1313,51,237711.0,2021,2,February,1,0.7054401161433632,3.9784262036784535,3.884234577303884,0.6367929835464808,-36.320701645351924,11.310911129291277,284.3061690784463,7319.490196078431,-135583.0
190,2021-02-18,google_hot,search,89459845,527210,119542.0,9004,162,28,214368.0,2021,2,February,1,1.7078583486656171,1.799200355397601,17.28395061728395,1.7932442154221948,79.32442154221947,13.27654375832963,737.9135802469136,4269.357142857143,94826.0
191,2021-02-18,google_wide,search,127823,10593685,200986.0,24005,480,43,93353.0,2021,2,February,1,0.22659726053776374,1.9995834201208083,8.958333333333334,0.46447513757177117,-53.55248624282288,8.372672359925016,418.72083333333336,4674.093023255814,-107633.0
192,2021-02-18,youtube_blogger,influencer,10934,4064081,86522.9,45004,144,31,256897.0,2021,2,February,1,1.107359818861878,0.3199715580837259,21.52777777777778,2.9691214695762627,196.91214695762628,1.9225602168696114,600.8534722222222,2791.0612903225806,170374.1
193,2021-02-18,instagram_tier1,social,9034945,11212959,241388.0,27009,599,72,430632.0,2021,2,February,1,0.2408730826537402,2.2177792587655967,12.020033388981636,1.7839826337680416,78.39826337680414,8.937317190566107,402.98497495826376,3352.6111111111113,189244.0
194,2021-02-18,instagram_tier2,social,983498,13281923,58596.4,51000,1020,16,36016.0,2021,2,February,1,0.3839805425765531,2.0,1.5686274509803921,0.6146452683099985,-38.53547316900014,1.1489490196078431,57.447450980392155,3662.275,-22580.4
195,2021-02-18,facebook_retargeting,social,4387490,97885,17176.7,2991,28,6,33930.0,2021,2,February,1,3.0556265004852636,0.9361417586091608,21.428571428571427,1.9753503292250547,97.53503292250548,5.742795051822133,613.4535714285714,2862.7833333333333,16753.3
196,2021-02-18,facebook_lal,social,544756,1181224,171831.0,11991,128,19,17917.0,2021,2,February,1,1.0151334547892694,1.0674672671170045,14.84375,0.10427105702696254,-89.57289429730375,14.329997498123593,1342.4296875,9043.736842105263,-153914.0
197,2021-02-18,instagram_blogger,influencer,374754,2482796,518530.0,30000,1032,134,796630.0,2021,2,February,1,1.2083151414775921,3.44,12.984496124031008,1.5363238385435751,53.63238385435751,17.284333333333333,502.4515503875969,3869.626865671642,278100.0
198,2021-02-18,banner_partner,media,39889,419970000,339735.0,41997,840,114,516420.0,2021,2,February,1,0.01,2.0001428673476673,13.571428571428571,1.5200671111307342,52.00671111307342,8.089506393313808,404.44642857142856,2980.1315789473683,176685.0
199,2021-02-19,facebook_tier1,social,349043,15345139,53253.9,26407,71,10,44550.0,2021,2,February,1,0.17208706939702534,0.26886810315446663,14.084507042253522,0.8365584492403373,-16.344155075966267,2.0166584617715,750.0549295774648,5325.39,-8703.900000000001
200,2021-02-19,facebOOK_tier2,social,348934,7260800,415376.0,36304,726,58,288898.0,2021,2,February,1,0.5,1.9997796386073161,7.988980716253444,0.6955096105697007,-30.449038943029926,11.44160423093874,572.1432506887053,7161.6551724137935,-126478.0
201,2021-02-19,google_hot,search,89459845,413291,9777.55,9904,14,2,15962.0,2021,2,February,1,2.396374467384966,0.14135702746365103,14.285714285714285,1.6325153029133066,63.25153029133066,0.9872324313408724,698.3964285714285,4888.775,6184.450000000001
202,2021-02-19,google_wide,search,127823,8455475,81623.5,26406,281,20,72300.0,2021,2,February,1,0.3122946966314725,1.064152086646974,7.11743772241993,0.8857743174453435,-11.422568255465643,3.091096720442324,290.47508896797154,4081.175,-9323.5
203,2021-02-19,youtube_blogger,influencer,10934,3801165,880357.0,49510,1666,369,2812520.0,2021,2,February,1,1.3024954191675446,3.3649767723692188,22.148859543817526,3.1947494027990917,219.47494027990916,17.781397697434862,528.4255702280913,2385.791327913279,1932163.0
204,2021-02-19,instagram_tier1,social,9034945,6168252,300775.0,29699,1082,96,574176.0,2021,2,February,1,0.48148162558857843,3.6432203104481635,8.872458410351202,1.9089884465131743,90.89884465131743,10.127445368530926,277.98059149722735,3133.0729166666665,273401.0
205,2021-02-19,instagram_tier2,social,983498,11222000,9908.98,56110,185,3,3621.0,2021,2,February,1,0.5,0.3297094991980039,1.6216216216216217,0.3654261084390119,-63.457389156098806,0.17659918018178578,53.56205405405405,3302.9933333333333,-6287.98
206,2021-02-19,facebook_retargeting,social,4387490,115166,3173.41,3297,7,1,5199.0,2021,2,February,1,2.8628240973898547,0.21231422505307856,14.285714285714285,1.6383007553388942,63.83007553388942,0.9625144070367,453.3442857142857,3173.41,2025.5900000000001
207,2021-02-19,facebook_lal,social,544756,1320200,440355.0,13202,264,45,80325.0,2021,2,February,1,1.0,1.9996970156036964,17.045454545454543,0.18240964676227134,-81.75903532377286,33.35517345856688,1668.0113636363637,9785.666666666666,-360030.0
208,2021-02-19,instagram_blogger,influencer,374754,3299900,404285.0,32999,694,104,519272.0,2021,2,February,1,1.0,2.10309403315252,14.985590778097983,1.2844206438527277,28.442064385272765,12.251431861571563,582.543227665706,3887.355769230769,114987.0
209,2021-02-19,banner_partner,media,39889,19065489,492126.0,46209,924,139,556417.0,2021,2,February,1,0.24236986525758664,1.9996104654937352,15.043290043290044,1.1306393078195422,13.063930781954214,10.650003246120885,532.6038961038961,3540.4748201438847,64291.0
210,2021-02-20,facebook_tier1,social,349043,9916906,56874.2,28796,88,12,59772.0,2021,2,February,1,0.29037282394327424,0.3055979997221836,13.636363636363635,1.0509510463443883,5.095104634438819,1.9750729267953882,646.2977272727272,4739.516666666666,2897.800000000003
211,2021-02-20,facebOOK_tier2,social,348934,7918600,455831.0,39593,853,68,387124.0,2021,2,February,1,0.5,2.1544212360770842,7.971864009378664,0.8492708920630673,-15.072910793693275,11.5129189503195,534.3856975381008,6703.39705882353,-68707.0
212,2021-02-20,google_hot,search,89459845,540450,190469.0,10809,359,47,365378.0,2021,2,February,1,2.0,3.3213063188084,13.09192200557103,1.9183069160860822,91.83069160860823,17.621334073457305,530.5543175487466,4052.531914893617,174909.0
213,2021-02-20,google_wide,search,127823,5762000,435770.0,28810,732,96,253440.0,2021,2,February,1,0.5,2.5407844498438044,13.114754098360656,0.581591206370333,-41.8408793629667,15.125650815688997,595.3142076502733,4539.270833333333,-182330.0
214,2021-02-20,youtube_blogger,influencer,10934,5399300,303860.0,53993,1094,182,1452540.0,2021,2,February,1,1.0,2.0261885800011115,16.63619744058501,4.780293556243007,378.02935562430065,5.627766562332154,277.7513711151737,1669.5604395604396,1148680.0
215,2021-02-20,instagram_tier1,social,9034945,7669421,404737.0,32395,1003,139,847066.0,2021,2,February,1,0.42239172944085346,3.096156814323198,13.858424725822532,2.092880067797113,109.28800677971127,12.49381077326748,403.5264207377866,2911.776978417266,442329.0
216,2021-02-20,instagram_tier2,social,983498,12239000,150065.0,61195,1224,48,73392.0,2021,2,February,1,0.5,2.0001634120434675,3.9215686274509802,0.4890680705027821,-51.09319294972179,2.452242830296593,122.60212418300654,3126.3541666666665,-76673.0
217,2021-02-20,facebook_retargeting,social,4387490,111784,73587.5,3594,116,24,119544.0,2021,2,February,1,3.21512917769985,3.227601558152476,20.689655172413794,1.6245150331238323,62.45150331238322,20.47509738452977,634.375,3066.1458333333335,45956.5
218,2021-02-20,facebook_lal,social,544756,1118531,173041.0,14399,113,18,17658.0,2021,2,February,1,1.2873134495154805,0.7847767206055977,15.929203539823009,0.1020451800440358,-89.79548199559642,12.017570664629488,1531.3362831858408,9613.388888888889,-155383.0
219,2021-02-20,instagram_blogger,influencer,374754,5497354,504576.0,35994,822,137,682397.0,2021,2,February,1,0.6547513585626831,2.2837139523253875,16.666666666666664,1.3524166825215627,35.241668252156266,14.018336389398232,613.8394160583941,3683.036496350365,177821.0
220,2021-02-20,banner_partner,media,39889,26012342,750361.0,50408,1678,252,1003210.0,2021,2,February,1,0.19378493485899886,3.328836692588478,15.01787842669845,1.3369698052004302,33.69698052004302,14.885752261545786,447.17580452920146,2977.623015873016,252849.0
221,2021-02-21,facebook_tier1,social,349043,478600,38596.7,2393,66,7,31094.0,2021,2,February,1,0.5,2.7580442958629336,10.606060606060606,0.8056129150937775,-19.43870849062225,16.129001253656497,584.7984848484848,5513.814285714286,-7502.699999999997
222,2021-02-21,facebOOK_tier2,social,348934,543787,39481.0,3299,113,6,29538.0,2021,2,February,1,0.6066713621325998,3.425280387996363,5.3097345132743365,0.7481573415060409,-25.18426584939591,11.967565929069416,349.3893805309734,6580.166666666667,-9943.0
223,2021-02-21,google_hot,search,89459845,49655,9444.12,907,18,2,15962.0,2021,2,February,1,1.8266035645957104,1.9845644983461963,11.11111111111111,1.690152179345455,69.0152179345455,10.412480705622933,524.6733333333334,4722.06,6517.879999999999
224,2021-02-21,google_wide,search,127823,478400,17476.2,2392,48,5,12910.0,2021,2,February,1,0.5,2.0066889632107023,10.416666666666668,0.738718943477415,-26.128105652258505,7.306103678929766,364.08750000000003,3495.2400000000002,-4566.200000000001
225,2021-02-21,youtube_blogger,influencer,10934,713896,30801.0,4507,90,20,159620.0,2021,2,February,1,0.6313244506202584,1.996893720878633,22.22222222222222,5.182299275997533,418.2299275997533,6.834035944086976,342.23333333333335,1540.05,128819.0
226,2021-02-21,instagram_tier1,social,9034945,555915,29457.5,2709,60,10,55540.0,2021,2,February,1,0.48730471385013896,2.2148394241417497,16.666666666666664,1.8854281592124247,88.54281592124246,10.873938722775932,490.9583333333333,2945.75,26082.5
227,2021-02-21,instagram_tier2,social,983498,781353,12503.5,5104,102,4,7924.0,2021,2,February,1,0.6532258787001523,1.9984326018808778,3.9215686274509802,0.6337425520854161,-36.625744791458395,2.4497452978056424,122.58333333333333,3125.875,-4579.5
228,2021-02-21,facebook_retargeting,social,4387490,10812,1555.96,296,3,1,3993.0,2021,2,February,1,2.737698853126156,1.0135135135135136,33.33333333333333,2.5662613434792667,156.62613434792667,5.256621621621622,518.6533333333333,1555.96,2437.04
229,2021-02-21,facebook_lal,social,544756,119400,32169.9,1194,24,4,3924.0,2021,2,February,1,1.0,2.0100502512562812,16.666666666666664,0.1219773763673496,-87.80226236326504,26.942964824120605,1340.4125000000001,8042.475,-28245.9
230,2021-02-21,instagram_blogger,influencer,374754,300900,65006.3,3009,89,17,84677.0,2021,2,February,1,1.0,2.957793286806248,19.101123595505616,1.3025968252307853,30.259682523078524,21.60395480225989,730.4078651685394,3823.9,19670.699999999997
231,2021-02-21,banner_partner,media,39889,42080000,25023.2,4208,67,10,31710.0,2021,2,February,1,0.01,1.5922053231939164,14.925373134328357,1.267224016113047,26.722401611304708,5.946577946768061,373.48059701492537,2502.32,6686.799999999999
232,2021-02-22,facebook_tier1,social,349043,605386,59710.0,4802,96,12,67632.0,2021,2,February,1,0.7932129253071595,1.9991670137442734,12.5,1.1326745938703735,13.267459387037347,12.434402332361516,621.9791666666666,4975.833333333333,7922.0
233,2021-02-22,facebOOK_tier2,social,348934,2090371,95536.2,6606,132,14,69734.0,2021,2,February,1,0.3160204576125482,1.9981834695731153,10.606060606060606,0.7299222703017286,-27.007772969827144,14.46203451407811,723.7590909090909,6824.0142857142855,-25802.199999999997
234,2021-02-22,google_hot,search,89459845,90500,30645.4,1810,65,7,59045.0,2021,2,February,1,2.0,3.591160220994475,10.76923076923077,1.9267165708393428,92.67165708393429,16.931160220994474,471.46769230769235,4377.914285714286,28399.6
235,2021-02-22,google_wide,search,127823,959600,12348.3,4798,39,4,11924.0,2021,2,February,1,0.5,0.8128386827844934,10.256410256410255,0.9656389948413953,-3.4361005158604767,2.5736348478532722,316.6230769230769,3087.075,-424.2999999999993
236,2021-02-22,youtube_blogger,influencer,10934,757387,77803.8,8997,180,42,359394.0,2021,2,February,1,1.1878999771583088,2.0006668889629875,23.333333333333332,4.61923453610235,361.92345361023496,8.647749249749918,432.24333333333334,1852.4714285714285,281590.2
237,2021-02-22,instagram_tier1,social,9034945,4565811,33474.7,5397,108,9,53829.0,2021,2,February,1,0.11820463002082215,2.001111728738188,8.333333333333332,1.6080502588522079,60.8050258852208,6.202464332036316,309.9509259259259,3719.4111111111106,20354.300000000003
238,2021-02-22,instagram_tier2,social,983498,2190892,19196.6,10202,124,7,14602.0,2021,2,February,1,0.4656550847782547,1.215447951382082,5.64516129032258,0.7606555327505913,-23.93444672494087,1.8816506567339737,154.81129032258065,2742.371428571428,-4594.5999999999985
239,2021-02-22,facebook_retargeting,social,4387490,17821,5792.48,598,12,3,12168.0,2021,2,February,1,3.355591717636496,2.0066889632107023,25.0,2.1006546418805074,110.06546418805073,9.686421404682273,482.70666666666665,1930.8266666666666,6375.52
240,2021-02-22,facebook_lal,social,544756,239600,51783.3,2396,48,6,5886.0,2021,2,February,1,1.0,2.003338898163606,12.5,0.11366598884196255,-88.63340111580375,21.612395659432387,1078.8187500000001,8630.550000000001,-45897.3
241,2021-02-22,instagram_blogger,influencer,374754,599700,137382.0,5997,236,35,158340.0,2021,2,February,1,1.0,3.935300983825246,14.83050847457627,1.15255273616631,15.255273616631,22.908454227113555,582.1271186440678,3925.2,20958.0
242,2021-02-22,banner_partner,media,39889,105873774,60021.6,8409,168,20,80600.0,2021,2,February,1,0.007942476859283395,1.9978594363182305,11.904761904761903,1.3428499073666813,34.284990736668135,7.137780948983232,357.27142857142854,3001.08,20578.4
243,2021-02-23,facebook_tier1,social,349043,924525,9858.28,1203,28,2,9962.0,2021,2,February,1,0.13012087288066845,2.3275145469659186,7.142857142857142,1.0105211051014984,1.052110510149837,8.19474646716542,352.0814285714286,4929.14,103.71999999999935
244,2021-02-23,facebOOK_tier2,social,348934,475992,19350.0,1641,37,3,12225.0,2021,2,February,1,0.3447536933393838,2.2547227300426567,8.108108108108109,0.6317829457364341,-36.82170542635659,11.791590493601463,522.972972972973,6450.0,-7125.0
245,2021-02-23,google_hot,search,89459845,22175,5409.21,442,9,2,15050.0,2021,2,February,1,1.9932356257046222,2.0361990950226243,22.22222222222222,2.782291683998218,178.2291683998218,12.238031674208145,601.0233333333333,2704.605,9640.79
246,2021-02-23,google_wide,search,127823,241000,12581.6,1205,24,3,8943.0,2021,2,February,1,0.5,1.9917012448132778,12.5,0.7107998982641317,-28.92001017358683,10.441161825726141,524.2333333333333,4193.866666666667,-3638.6000000000004
247,2021-02-23,youtube_blogger,influencer,10934,297609,16343.0,2246,45,8,63848.0,2021,2,February,1,0.7546814780466988,2.0035618878005343,17.77777777777778,3.906749066878786,290.6749066878786,7.276491540516473,363.1777777777778,2042.875,47505.0
248,2021-02-23,instagram_tier1,social,9034945,536236,557.25,1349,1,0,0.0,2021,2,February,1,0.2515683393132874,0.07412898443291327,0.0,0.0,-100.0,0.4130837657524092,557.25,,-557.25
249,2021-02-23,instagram_tier2,social,983498,512000,4285.44,2560,51,2,2934.0,2021,2,February,1,0.5,1.9921874999999998,3.9215686274509802,0.6846438172043011,-31.53561827956989,1.674,84.02823529411764,2142.72,-1351.4399999999996
250,2021-02-23,facebook_retargeting,social,4387490,4908,1238.09,155,3,1,5265.0,2021,2,February,1,3.158109209453953,1.935483870967742,33.33333333333333,4.2525179914222715,325.2517991422271,7.9876774193548385,412.69666666666666,1238.09,4026.91
251,2021-02-23,facebook_lal,social,544756,60800,16078.6,608,12,2,2720.0,2021,2,February,1,1.0,1.9736842105263157,16.666666666666664,0.16916895749629943,-83.08310425037006,26.445065789473684,1339.8833333333334,8039.3,-13358.6
252,2021-02-23,instagram_blogger,influencer,374754,117218,15435.0,1500,31,4,17816.0,2021,2,February,1,1.2796669453496903,2.0666666666666664,12.903225806451612,1.1542597991577583,15.425979915775834,10.29,497.9032258064516,3858.75,2381.0
253,2021-02-23,banner_partner,media,39889,654544,16706.4,2099,42,6,23886.0,2021,2,February,1,0.32068126818059595,2.0009528346831824,14.285714285714285,1.4297514724895848,42.97514724895847,7.959218675559791,397.7714285714286,2784.4,7179.5999999999985
254,2021-02-24,facebook_tier1,social,349043,479596,94564.2,2408,93,15,81825.0,2021,2,February,1,0.5020892584592032,3.8621262458471763,16.129032258064516,0.8652851713439124,-13.471482865608758,39.270847176079734,1016.8193548387096,6304.28,-12739.199999999997
255,2021-02-24,facebOOK_tier2,social,348934,395127,44347.2,3297,66,7,34867.0,2021,2,February,1,0.8344152639531088,2.001819836214741,10.606060606060606,0.7862277663527799,-21.377223364722006,13.450773430391264,671.9272727272727,6335.314285714286,-9480.199999999997
256,2021-02-24,google_hot,search,89459845,45150,14306.2,903,18,3,23943.0,2021,2,February,1,2.0,1.9933554817275747,16.666666666666664,1.6736100431980538,67.36100431980539,15.84296788482835,794.7888888888889,4768.733333333334,9636.8
257,2021-02-24,google_wide,search,127823,291441,22357.6,2408,52,5,19060.0,2021,2,February,1,0.8262392731290381,2.1594684385382057,9.615384615384617,0.8525065302179126,-14.749346978208747,9.284717607973421,429.95384615384614,4471.5199999999995,-3297.5999999999985
258,2021-02-24,youtube_blogger,influencer,10934,409320,22944.3,4508,65,14,111734.0,2021,2,February,1,1.1013388058242939,1.4418811002661935,21.53846153846154,4.869793369159225,386.97933691592243,5.089685004436557,352.98923076923074,1638.8785714285714,88789.7
259,2021-02-24,instagram_tier1,social,9034945,869482,23908.4,2703,42,7,36456.0,2021,2,February,1,0.3108747507136433,1.553829078801332,16.666666666666664,1.5248197286309413,52.48197286309413,8.845135035146134,569.2476190476191,3415.4857142857145,12547.599999999999
260,2021-02-24,instagram_tier2,social,983498,624157,18675.0,5098,122,6,10590.0,2021,2,February,1,0.8167816751234064,2.39309533150255,4.918032786885246,0.5670682730923695,-43.29317269076306,3.6632012553942723,153.0737704918033,3112.5,-8085.0
261,2021-02-24,facebook_retargeting,social,4387490,8966,2857.1,297,6,1,4981.0,2021,2,February,1,3.312513941556993,2.0202020202020203,16.666666666666664,1.7433761506422596,74.33761506422597,9.619865319865319,476.18333333333334,2857.1,2123.9
262,2021-02-24,facebook_lal,social,544756,148794,48796.6,1196,38,6,8178.0,2021,2,February,1,0.803795851983279,3.177257525083612,15.789473684210526,0.16759364381944644,-83.24063561805536,40.79983277591973,1284.121052631579,8132.766666666666,-40618.6
263,2021-02-24,instagram_blogger,influencer,374754,355802,42311.5,2990,60,9,44829.0,2021,2,February,1,0.8403550289205794,2.0066889632107023,15.0,1.059499190527398,5.949919052739799,14.151003344481605,705.1916666666667,4701.277777777777,2517.5
264,2021-02-24,banner_partner,media,39889,2770687,34169.9,4205,84,16,63696.0,2021,2,February,1,0.15176741364145427,1.9976218787158144,19.047619047619047,1.864096763525793,86.40967635257931,8.12601664684899,406.7845238095238,2135.61875,29526.1
265,2021-02-25,facebook_tier1,social,349043,94600,11230.2,473,15,2,10104.0,2021,2,February,1,0.5,3.171247357293869,13.333333333333334,0.8997168349628679,-10.028316503713208,23.74249471458774,748.6800000000001,5615.1,-1126.2000000000007
266,2021-02-25,facebOOK_tier2,social,348934,131400,10357.0,657,13,2,9962.0,2021,2,February,1,0.5,1.97869101978691,15.384615384615385,0.9618615429178333,-3.813845708216665,15.76407914764079,796.6923076923077,5178.5,-395.0
267,2021-02-25,google_hot,search,89459845,8750,1078.73,175,1,0,0.0,2021,2,February,1,2.0,0.5714285714285714,0.0,0.0,-100.0,6.164171428571429,1078.73,,-1078.73
268,2021-02-25,google_wide,search,127823,61867,9472.22,487,19,2,5730.0,2021,2,February,1,0.7871724829068808,3.9014373716632447,10.526315789473683,0.6049268281353263,-39.507317186467375,19.45014373716632,498.5378947368421,4736.11,-3742.2199999999993
269,2021-02-25,youtube_blogger,influencer,10934,94976,9034.91,904,22,5,38030.0,2021,2,February,1,0.9518194070080862,2.433628318584071,22.727272727272727,4.209228426182441,320.92284261824415,9.994369469026548,410.6777272727273,1806.982,28995.09
270,2021-02-25,instagram_tier1,social,9034945,106000,2304.01,530,6,1,5981.0,2021,2,February,1,0.5,1.1320754716981132,16.666666666666664,2.5959088719232986,159.5908871923299,4.347188679245283,384.0016666666667,2304.01,3676.99
271,2021-02-25,instagram_tier2,social,983498,115468,2059.03,1015,20,1,1981.0,2021,2,February,1,0.8790314199605085,1.9704433497536946,5.0,0.9621035147618052,-3.7896485238194777,2.028600985221675,102.95150000000001,2059.03,-78.0300000000002
272,2021-02-25,facebook_retargeting,social,4387490,2214,1487.47,66,3,1,4461.0,2021,2,February,1,2.9810298102981028,4.545454545454546,33.33333333333333,2.9990520817226565,199.90520817226565,22.537424242424244,495.8233333333333,1487.47,2973.5299999999997
273,2021-02-25,facebook_lal,social,544756,25000,5871.29,250,5,1,981.0,2021,2,February,1,1.0,2.0,20.0,0.1670842353213689,-83.29157646786311,23.48516,1174.258,5871.29,-4890.29
274,2021-02-25,instagram_blogger,influencer,374754,46753,6227.53,591,12,2,10130.0,2021,2,February,1,1.2640900049194703,2.030456852791878,16.666666666666664,1.6266481253402232,62.66481253402232,10.537275803722503,518.9608333333333,3113.765,3902.4700000000003
275,2021-02-25,banner_partner,media,39889,2885291,7583.66,848,17,3,11943.0,2021,2,February,1,0.029390449698141363,2.0047169811320753,17.647058823529413,1.574833259929902,57.483325992990196,8.942995283018869,446.0976470588235,2527.8866666666668,4359.34
276,2021-02-26,facebook_tier1,social,349043,168408,19887.7,1207,39,4,22488.0,2021,2,February,1,0.7167117951641253,3.2311516155758078,10.256410256410255,1.130749156513825,13.07491565138251,16.476967688483846,509.94102564102565,4971.925,2600.2999999999993
277,2021-02-26,facebOOK_tier2,social,348934,438858,17935.4,1657,33,3,15345.0,2021,2,February,1,0.3775708771402139,1.9915509957754978,9.090909090909092,0.8555705476320572,-14.44294523679428,10.824019312009657,543.4969696969697,5978.466666666667,-2590.4000000000015
278,2021-02-26,google_hot,search,89459845,22450,1545.74,449,2,0,0.0,2021,2,February,1,2.0,0.4454342984409799,0.0,0.0,-100.0,3.442628062360802,772.87,,-1545.74
279,2021-02-26,google_wide,search,127823,240600,4453.1,1203,11,1,2283.0,2021,2,February,1,0.5,0.914380714879468,9.090909090909092,0.5126765623947362,-48.73234376052638,3.7016625103906904,404.82727272727277,4453.1,-2170.1000000000004
280,2021-02-26,youtube_blogger,influencer,10934,195016,38804.2,2247,82,16,127696.0,2021,2,February,1,1.1522131517413956,3.6493101913662658,19.51219512195122,3.290777802402833,229.0777802402833,17.26933689363596,473.22195121951216,2425.2625,88891.8
281,2021-02-26,instagram_tier1,social,9034945,174375,12592.4,1342,27,4,26556.0,2021,2,February,1,0.7696057347670251,2.011922503725782,14.814814814814813,2.108891077157651,110.88910771576508,9.383308494783904,466.38518518518515,3148.1,13963.6
282,2021-02-26,instagram_tier2,social,983498,508600,2403.54,2543,73,1,1981.0,2021,2,February,1,0.5,2.8706252457727093,1.36986301369863,0.8242009702355693,-17.57990297644308,0.9451592607156901,32.92520547945205,2403.54,-422.53999999999996
283,2021-02-26,facebook_retargeting,social,4387490,4906,1071.16,143,3,1,4981.0,2021,2,February,1,2.914798206278027,2.097902097902098,33.33333333333333,4.65009895813884,365.009895813884,7.490629370629371,357.05333333333334,1071.16,3909.84
284,2021-02-26,facebook_lal,social,544756,55269,315.92,610,0,0,0.0,2021,2,February,1,1.1036928477084804,0.0,,0.0,-100.0,0.5179016393442624,,,-315.92
285,2021-02-26,instagram_blogger,influencer,374754,192489,15596.0,1497,34,5,25205.0,2021,2,February,1,0.7777067780496548,2.2712090848363395,14.705882352941178,1.6161195178250833,61.611951782508335,10.41816967267869,458.70588235294116,3119.2,9609.0
286,2021-02-26,banner_partner,media,39889,20930000,8087.73,2093,22,3,12213.0,2021,2,February,1,0.01,1.051122790253225,13.636363636363635,1.510065246985248,51.006524698524814,3.8641806020066887,367.6240909090909,2695.91,4125.27
287,2021-02-27,facebook_tier1,social,349043,213771,5003.33,241,9,1,4223.0,2021,2,February,1,0.112737462050512,3.7344398340248963,11.11111111111111,0.8440378707780618,-15.596212922193816,20.76070539419087,555.9255555555555,5003.33,-780.3299999999999
288,2021-02-27,facebOOK_tier2,social,348934,66400,3235.77,332,13,0,0.0,2021,2,February,1,0.5,3.91566265060241,0.0,0.0,-100.0,9.74629518072289,248.9053846153846,,-3235.77
289,2021-02-27,google_hot,search,89459845,4662,1754.25,83,2,0,0.0,2021,2,February,1,1.7803517803517803,2.4096385542168677,0.0,0.0,-100.0,21.1355421686747,877.125,,-1754.25
290,2021-02-27,google_wide,search,127823,40004,1487.24,243,5,0,0.0,2021,2,February,1,0.6074392560743925,2.05761316872428,0.0,0.0,-100.0,6.1203292181069955,297.448,,-1487.24
291,2021-02-27,youtube_blogger,influencer,10934,44000,5721.83,440,15,3,23943.0,2021,2,February,1,1.0,3.4090909090909087,20.0,4.184500413329302,318.4500413329302,13.004159090909091,381.45533333333333,1907.2766666666666,18221.17
292,2021-02-27,instagram_tier1,social,9034945,44112,1832.16,275,6,1,5981.0,2021,2,February,1,0.6234131302140007,2.181818181818182,16.666666666666664,3.2644528862108113,226.44528862108112,6.6624,305.36,1832.16,4148.84
293,2021-02-27,instagram_tier2,social,983498,78799,254.14,503,3,0,0.0,2021,2,February,1,0.6383329737687026,0.5964214711729622,0.0,0.0,-100.0,0.505248508946322,84.71333333333332,,-254.14
294,2021-02-27,facebook_retargeting,social,4387490,667,200.42,20,0,0,0.0,2021,2,February,1,2.998500749625187,0.0,,0.0,-100.0,10.020999999999999,,,-200.42
295,2021-02-27,facebook_lal,social,544756,13693,3098.45,115,2,0,0.0,2021,2,February,1,0.8398451763674871,1.7391304347826086,0.0,0.0,-100.0,26.94304347826087,1549.225,,-3098.45
296,2021-02-27,instagram_blogger,influencer,374754,24018,3524.08,298,6,1,4661.0,2021,2,February,1,1.2407361145807312,2.013422818791946,16.666666666666664,1.3226146966016663,32.261469660166625,11.825771812080538,587.3466666666667,3524.08,1136.92
297,2021-02-27,banner_partner,media,39889,182546,2791.06,426,9,1,3981.0,2021,2,February,1,0.23336583655626528,2.112676056338028,11.11111111111111,1.4263398135475411,42.633981354754106,6.5517840375586855,310.11777777777775,2791.06,1189.94
298,2021-02-28,facebook_tier1,social,349043,97200,6440.5,486,11,1,4981.0,2021,2,February,1,0.5,2.263374485596708,9.090909090909092,0.7733871593820355,-22.661284061796444,13.252057613168724,585.5,6440.5,-1459.5
299,2021-02-28,facebOOK_tier2,social,348934,132200,8665.55,661,13,1,5509.0,2021,2,February,1,0.5,1.9667170953101363,7.6923076923076925,0.6357357582611606,-36.42642417388394,13.109757942511346,666.5807692307692,8665.55,-3156.5499999999993
300,2021-02-28,google_hot,search,89459845,11554,3529.73,187,5,1,8714.0,2021,2,February,1,1.6184871040332351,2.6737967914438503,20.0,2.46874406824318,146.87440682431802,18.875561497326203,705.946,3529.73,5184.27
301,2021-02-28,google_wide,search,127823,55625,384.75,487,1,0,0.0,2021,2,February,1,0.875505617977528,0.20533880903490762,0.0,0.0,-100.0,0.7900410677618069,384.75,,-384.75
302,2021-02-28,youtube_blogger,influencer,10934,129025,9892.77,909,21,5,37450.0,2021,2,February,1,0.7045146289478783,2.31023102310231,23.809523809523807,3.785592912803997,278.5592912803997,10.883135313531353,471.0842857142857,1978.554,27557.23
303,2021-02-28,instagram_tier1,social,9034945,63566,4950.74,546,12,1,5981.0,2021,2,February,1,0.8589497530126169,2.197802197802198,8.333333333333332,1.2081022231020009,20.810222310200096,9.067289377289377,412.56166666666667,4950.74,1030.2600000000002
304,2021-02-28,instagram_tier2,social,983498,775780,760.75,1024,4,0,0.0,2021,2,February,1,0.1319961844852922,0.390625,0.0,0.0,-100.0,0.742919921875,190.1875,,-760.75
305,2021-02-28,facebook_retargeting,social,4387490,1933,224.81,58,0,0,0.0,2021,2,February,1,3.0005173305742368,0.0,,0.0,-100.0,3.876034482758621,,,-224.81
306,2021-02-28,facebook_lal,social,544756,25840,6844.8,248,5,1,1491.0,2021,2,February,1,0.9597523219814241,2.0161290322580645,20.0,0.21782959326788218,-78.21704067321178,27.6,1368.96,6844.8,-5353.8
307,2021-02-28,instagram_blogger,influencer,374754,94058,4845.65,594,12,1,5008.0,2021,2,February,1,0.6315252291139509,2.0202020202020203,8.333333333333332,1.0335042770319771,3.350427703197721,8.157659932659932,403.8041666666666,4845.65,162.35000000000036
308,2021-02-28,banner_partner,media,39889,8490000,6822.62,849,18,2,7030.0,2021,2,February,1,0.01,2.1201413427561837,11.11111111111111,1.0303959475978437,3.0395947597843658,8.036065959952886,379.03444444444443,3411.31,207.3800000000001
